{
  "nfp": 3,
  "R0": 11.14,
  "R1": 6.652557734457904,
  "ncoils": 5,
  "order": 14,
  "nphi": 32,
  "ntheta": 32,
  "length_target": 42.57467792834665,
  "length_weight": 0.020218384362819128,
  "max_curvature_threshold": 0.26008849993199007,
  "max_curvature_weight": 2.324232515589435e-05,
  "msc_threshold": 0.218179490890501,
  "msc_weight": 4.601511324811405e-07,
  "JF": 0.0009366071942381092,
  "Jf": 0.0008151501958067,
  "BdotN": 0.004321354837008651,
  "lengths": [
    38.19416564621482,
    37.471281325672535,
    60.250882556589566,
    43.8683913170029,
    33.10105388678701
  ],
  "length": 212.88577473226684,
  "average_length_per_coil": 42.57715494645337,
  "max_curvatures": [
    1.2706751403424283,
    1.3634232936269246,
    1.5899766584432424,
    1.0195784690724339,
    0.9619598813781605
  ],
  "max_max_curvature": 1.5899766584432424,
  "coil_coil_distance": 1.3323612531368383,
  "cc_threshold": 1.341727371897851,
  "cc_weight": 0.16073761218986005,
  "cs_threshold": 1.5712099780326858,
  "cs_weight": 25.896917243838185,
  "arclength_weight": 1.1593292445926371e-09,
  "gradient_norm": 0.007173226825082307,
  "linking_number": 0,
  "directory": "ncoils_5_order_14_R1_6.7_length_target_4.3e+01_weight_0.02_max_curvature_0.26_weight_2.3e-05_msc_0.22_weight_4.6e-07_cc_1.3_weight_0.16_cs_1.6_weight_2.6e+01_arclweight_1.2e-09_sign_B_external_normal-1.0",
  "mean_squared_curvatures": [
    0.17724955335210388,
    0.17532508288267012,
    0.11242732846723424,
    0.15046936049634008,
    0.1554392949353639
  ],
  "max_mean_squared_curvature": 0.17724955335210388,
  "message": "STOP: TOTAL NO. of ITERATIONS REACHED LIMIT",
  "success": false,
  "iterations": 400,
  "function_evaluations": 456,
  "coil_currents": [
    16800348.077035647,
    12263361.3406805,
    26773298.720664047,
    9060836.73791577,
    2854302.371482648
  ],
  "coil_surface_distance": 1.6989230935212702,
  "sign_B_external_normal": -1.0
}