{
  "nfp": 2,
  "R0": 11.13616556997915,
  "R1": 5.61642662312376,
  "ncoils": 4,
  "order": 8,
  "nphi": 32,
  "ntheta": 32,
  "length_target": 46.72899702857444,
  "length_weight": 0.0031492709611614747,
  "max_curvature_threshold": 0.32266773495077583,
  "max_curvature_weight": 3.130829490064549e-07,
  "msc_threshold": 0.08899599497774796,
  "msc_weight": 6.262871933538264e-06,
  "JF": 0.0015411826814935611,
  "Jf": 0.0015014812572794573,
  "BdotN": 0.00738380459410124,
  "lengths": [
    46.92342124201244,
    47.769679034172995,
    46.220732488049805,
    46.03904037386698
  ],
  "length": 186.9528731381022,
  "average_length_per_coil": 46.73821828452555,
  "max_curvatures": [
    0.3669039604622216,
    0.47175908043956444,
    0.6218705153163611,
    0.528947888045923
  ],
  "max_max_curvature": 0.6218705153163611,
  "coil_coil_distance": 1.9152350485418559,
  "cc_threshold": 1.9176426444018617,
  "cc_weight": 0.05204698488716624,
  "cs_threshold": 1.4084319308641413,
  "cs_weight": 4.000305251485545,
  "arclength_weight": 3.2330833960330838e-06,
  "gradient_norm": 0.0006428378252948035,
  "linking_number": 0,
  "directory": "ncoils_4_order_8_R1_5.6_length_target_4.7e+01_weight_0.0031_max_curvature_0.32_weight_3.1e-07_msc_0.089_weight_6.3e-06_cc_1.9_weight_0.052_cs_1.4_weight_4.0_arclweight_3.2e-06",
  "mean_squared_curvatures": [
    0.03589885200881502,
    0.039185779265374115,
    0.050389814448044315,
    0.05676829096031649
  ],
  "max_mean_squared_curvature": 0.05676829096031649,
  "message": "STOP: TOTAL NO. of ITERATIONS REACHED LIMIT",
  "success": false,
  "iterations": 200,
  "function_evaluations": 201,
  "coil_currents": [
    19875644.398819745,
    22515635.9137582,
    22234024.873369217,
    22617110.90922162
  ],
  "coil_surface_distance": 2.835498750739206
}