{
  "nfp": 3,
  "R0": 11.13616556997915,
  "R1": 7.178350530390354,
  "ncoils": 5,
  "order": 6,
  "nphi": 32,
  "ntheta": 32,
  "length_target": 46.38604295357041,
  "length_weight": 2.0547506839683543,
  "max_curvature_threshold": 0.27546516278032895,
  "max_curvature_weight": 0.003971455005168626,
  "msc_threshold": 0.2275941847240485,
  "msc_weight": 9.413602447929014e-05,
  "JF": 0.006526020231594204,
  "Jf": 0.004884850509383346,
  "BdotN": 0.012427878881334785,
  "lengths": [
    53.45219924550997,
    50.3209431692415,
    47.656677702192155,
    39.45092018704597,
    41.051549776369114
  ],
  "length": 231.9322900803587,
  "average_length_per_coil": 46.38645801607174,
  "max_curvatures": [
    0.38533350744957084,
    0.3411344109240086,
    0.6171075982249552,
    0.5030004565505064,
    0.666645374181387
  ],
  "max_max_curvature": 0.666645374181387,
  "coil_coil_distance": 1.111899836377737,
  "cc_threshold": 1.1171357889500984,
  "cc_weight": 0.9621882472065623,
  "cs_threshold": 2.3718616128523666,
  "cs_weight": 0.25164395886782154,
  "arclength_weight": 3.768715335166019e-09,
  "gradient_norm": 0.06360409052568468,
  "linking_number": 0,
  "directory": "ncoils_5_order_6_R1_7.2_length_target_4.6e+01_weight_2.1_max_curvature_0.28_weight_0.004_msc_0.23_weight_9.4e-05_cc_1.1_weight_0.96_cs_2.4_weight_0.25_arclweight_3.8e-09",
  "mean_squared_curvatures": [
    0.03477599002854534,
    0.024499060906531367,
    0.06178343766441383,
    0.05598864481746058,
    0.07322496636072108
  ],
  "max_mean_squared_curvature": 0.07322496636072108,
  "message": "STOP: TOTAL NO. of ITERATIONS REACHED LIMIT",
  "success": false,
  "iterations": 300,
  "function_evaluations": 326,
  "coil_currents": [
    29936579.89078541,
    -14928452.298633004,
    20725431.024944857,
    10933817.937763821,
    19171308.94882708
  ],
  "coil_surface_distance": 2.3686572119123093
}