{
  "nfp": 2,
  "R0": 11.13616556997915,
  "R1": 8.469244098585865,
  "ncoils": 5,
  "order": 10,
  "nphi": 32,
  "ntheta": 32,
  "length_target": 49.16112588902021,
  "length_weight": 0.2570323643876352,
  "max_curvature_threshold": 0.3307901351774842,
  "max_curvature_weight": 0.005863224554324236,
  "msc_threshold": 0.9174272109714906,
  "msc_weight": 0.0003177075925426648,
  "JF": 0.0006992952049853251,
  "Jf": 0.0005517946736559251,
  "BdotN": 0.004069255996922443,
  "lengths": [
    54.701408431479734,
    45.25374291061549,
    43.31333911685163,
    55.66022670798946,
    46.87675631933126
  ],
  "length": 245.8054734862676,
  "average_length_per_coil": 49.16109469725352,
  "max_curvatures": [
    0.3564967300512251,
    0.3639879104067535,
    0.3701535231633337,
    0.36775284983499057,
    0.3720082675978173
  ],
  "max_max_curvature": 0.3720082675978173,
  "coil_coil_distance": 2.0939118726924617,
  "cc_threshold": 2.0991995789393645,
  "cc_weight": 0.07398518981581118,
  "cs_threshold": 3.127809917922665,
  "cs_weight": 0.13371394990350666,
  "arclength_weight": 3.1929628103492268e-06,
  "gradient_norm": 0.0020645952564641436,
  "linking_number": 0,
  "directory": "ncoils_5_order_10_R1_8.5_length_target_4.9e+01_weight_0.26_max_curvature_0.33_weight_0.0059_msc_0.92_weight_0.00032_cc_2.1_weight_0.074_cs_3.1_weight_0.13_arclweight_3.2e-06_sign_B_external_normal-1.0",
  "mean_squared_curvatures": [
    0.06892773424175003,
    0.07445303659197315,
    0.07757113788996679,
    0.06302835191430514,
    0.07549611391186076
  ],
  "max_mean_squared_curvature": 0.07757113788996679,
  "message": "STOP: TOTAL NO. of ITERATIONS REACHED LIMIT",
  "success": false,
  "iterations": 400,
  "function_evaluations": 422,
  "coil_currents": [
    24064849.639008082,
    14031549.261968128,
    9970791.856381282,
    20805875.046874575,
    12471362.927318513
  ],
  "coil_surface_distance": 3.124885210013173,
  "sign_B_external_normal": -1.0
}