{
  "nfp": 1,
  "R0": 11.14,
  "R1": 5.6195966279792895,
  "ncoils": 11,
  "order": 9,
  "nphi": 32,
  "ntheta": 32,
  "length_target": 50.53510042941564,
  "length_weight": 0.039397855860472106,
  "max_curvature_threshold": 0.2684752680185062,
  "max_curvature_weight": 0.0003511838389118007,
  "msc_threshold": 0.7410348375146822,
  "msc_weight": 2.1834384950097103e-05,
  "JF": 0.0043992347760221226,
  "Jf": 0.0039021843273745723,
  "BdotN": 0.01263099042863512,
  "lengths": [
    38.85030486688971,
    40.77005512409587,
    42.91556351835883,
    45.192409274650295,
    46.388423335899944,
    49.66956329129272,
    53.36985769109232,
    56.757839635532655,
    60.491115154064985,
    62.15259475524192,
    59.341963572285685
  ],
  "length": 555.8996902194049,
  "average_length_per_coil": 50.53633547449135,
  "max_curvatures": [
    0.6187330204241207,
    0.5460519488309235,
    0.4802940279473066,
    0.3954599230171285,
    0.30016080724061,
    0.3377936949180614,
    0.36114202600076517,
    0.306139156918819,
    0.3442766375313622,
    0.42351918086758383,
    0.3172347188220272
  ],
  "max_max_curvature": 0.6187330204241207,
  "coil_coil_distance": 1.2750005565284963,
  "cc_threshold": 1.2855859733820498,
  "cc_weight": 0.15065066229027024,
  "cs_threshold": 1.6456852404964428,
  "cs_weight": 0.030992293024724712,
  "arclength_weight": 0.001657493408491971,
  "gradient_norm": 0.0131470651048909,
  "linking_number": 0,
  "directory": "ncoils_11_order_9_R1_5.6_length_target_5.1e+01_weight_0.039_max_curvature_0.27_weight_0.00035_msc_0.74_weight_2.2e-05_cc_1.3_weight_0.15_cs_1.6_weight_0.031_arclweight_0.0017_sign_B_external_normal1.0",
  "mean_squared_curvatures": [
    0.13132235772127343,
    0.12180163905129938,
    0.08655907125384116,
    0.059663677632533205,
    0.03806545954683209,
    0.0338413522988371,
    0.04167007074944595,
    0.031294917269890615,
    0.03132324146124011,
    0.03838044081639685,
    0.04023431880926504
  ],
  "max_mean_squared_curvature": 0.13132235772127343,
  "message": "STOP: TOTAL NO. of ITERATIONS REACHED LIMIT",
  "success": false,
  "iterations": 400,
  "function_evaluations": 421,
  "coil_currents": [
    18585689.777848393,
    18918302.49898721,
    20160820.623696264,
    20207617.866331723,
    18330834.04553639,
    18382227.96968704,
    16245682.0066955,
    16837490.357165813,
    20593842.906868525,
    19964343.04575375,
    16662631.599520713
  ],
  "coil_surface_distance": 2.188116242361946,
  "sign_B_external_normal": 1.0
}