{
  "nfp": 1,
  "R0": 11.14,
  "R1": 6.859790289994356,
  "ncoils": 11,
  "order": 15,
  "nphi": 32,
  "ntheta": 32,
  "length_target": 50.56571248760146,
  "length_weight": 0.0015506257296492463,
  "max_curvature_threshold": 0.23288538036556566,
  "max_curvature_weight": 0.0002096780311197143,
  "msc_threshold": 0.46842329418869694,
  "msc_weight": 3.627223907238356e-06,
  "JF": 0.004226251544614626,
  "Jf": 0.0036537623809450768,
  "BdotN": 0.011656704129555067,
  "lengths": [
    40.272008702614315,
    44.65331577957804,
    45.87626102485545,
    44.687729656105994,
    46.164436202384074,
    49.32042938483327,
    50.756623287072706,
    53.30517501409611,
    56.72880789117897,
    57.61184113292215,
    66.91434259368486
  ],
  "length": 556.290970669326,
  "average_length_per_coil": 50.57190642448418,
  "max_curvatures": [
    0.544543080449168,
    0.7567003207858314,
    0.7639813513362278,
    0.36791039325712555,
    0.42186437038913416,
    0.4199007185443372,
    0.4351856922386776,
    0.396613920870541,
    0.4688589642973985,
    0.5410330320019967,
    0.40789121063679584
  ],
  "max_max_curvature": 0.7639813513362278,
  "coil_coil_distance": 1.2929536803078165,
  "cc_threshold": 1.2923991870996483,
  "cc_weight": 90.8758394055513,
  "cs_threshold": 1.5737910582030432,
  "cs_weight": 0.018003533944616037,
  "arclength_weight": 0.000704372612690915,
  "gradient_norm": 0.005352869023482709,
  "linking_number": 0,
  "directory": "ncoils_11_order_15_R1_6.9_length_target_5.1e+01_weight_0.0016_max_curvature_0.23_weight_0.00021_msc_0.47_weight_3.6e-06_cc_1.3_weight_9.1e+01_cs_1.6_weight_0.018_arclweight_0.0007_sign_B_external_normal-1.0",
  "mean_squared_curvatures": [
    0.1013739857332057,
    0.13645521780041195,
    0.13445658508430877,
    0.05025641116083225,
    0.05005643243449871,
    0.041576921679980186,
    0.046540479492434374,
    0.04664121550028719,
    0.04898572683943425,
    0.05572071945028954,
    0.04489461024891112
  ],
  "max_mean_squared_curvature": 0.13645521780041195,
  "message": "STOP: TOTAL NO. of ITERATIONS REACHED LIMIT",
  "success": false,
  "iterations": 400,
  "function_evaluations": 497,
  "coil_currents": [
    19992869.09179255,
    18512026.27315045,
    20317903.737677585,
    19996939.645552527,
    17321109.43700196,
    18557782.036185637,
    15423743.454292264,
    14559343.260675222,
    17990531.749214567,
    15213517.097598797,
    27003716.914949775
  ],
  "coil_surface_distance": 2.211343431834971,
  "sign_B_external_normal": -1.0
}