{
  "nfp": 3,
  "R0": 11.13616556997915,
  "R1": 5.3525569263469555,
  "ncoils": 4,
  "order": 16,
  "nphi": 32,
  "ntheta": 32,
  "length_target": 46.88349827200131,
  "length_weight": 0.004705538888161229,
  "max_curvature_threshold": 0.3073577233437774,
  "max_curvature_weight": 6.771719127136271e-05,
  "msc_threshold": 0.920856697437269,
  "msc_weight": 1.0457827464505027e-05,
  "JF": 0.0016136143333196405,
  "Jf": 0.001083737120831457,
  "BdotN": 0.006219743133839633,
  "lengths": [
    47.99456296623693,
    47.33340698738179,
    46.6527776198416,
    45.62173508730551
  ],
  "length": 187.60248266076582,
  "average_length_per_coil": 46.900620665191454,
  "max_curvatures": [
    0.8236213380516876,
    0.5032509921303991,
    1.1601506648135111,
    1.23556649850238
  ],
  "max_max_curvature": 1.23556649850238,
  "coil_coil_distance": 1.0799739857074302,
  "cc_threshold": 1.0754220463326951,
  "cc_weight": 1.3007640785012555,
  "cs_threshold": 1.2530858842999693,
  "cs_weight": 0.06337682904855864,
  "arclength_weight": 1.0948506228357352e-05,
  "gradient_norm": 0.00865374870599612,
  "linking_number": 0,
  "directory": "ncoils_4_order_16_R1_5.4_length_target_4.7e+01_weight_0.0047_max_curvature_0.31_weight_6.8e-05_msc_0.92_weight_1e-05_cc_1.1_weight_1.3_cs_1.3_weight_0.063_arclweight_1.1e-05",
  "mean_squared_curvatures": [
    0.11786569432406276,
    0.06370752944536553,
    0.1545435381540509,
    0.1891336505215814
  ],
  "max_mean_squared_curvature": 0.1891336505215814,
  "message": "STOP: TOTAL NO. of ITERATIONS REACHED LIMIT",
  "success": false,
  "iterations": 300,
  "function_evaluations": 316,
  "coil_currents": [
    14070340.638040962,
    17625939.5050623,
    17788134.285436105,
    16354271.075148717
  ],
  "coil_surface_distance": 1.8728868715706373
}