{
  "nfp": 3,
  "R0": 11.14,
  "R1": 7.019452650683025,
  "ncoils": 5,
  "order": 9,
  "nphi": 32,
  "ntheta": 32,
  "length_target": 39.06144122245409,
  "length_weight": 0.011400079383713695,
  "max_curvature_threshold": 0.29738498319986856,
  "max_curvature_weight": 0.00029905756781480573,
  "msc_threshold": 0.5413491755357013,
  "msc_weight": 6.684094948332025e-05,
  "JF": 0.0011029363631618791,
  "Jf": 0.0008913352295202011,
  "BdotN": 0.006314321041193839,
  "lengths": [
    36.2504041655735,
    38.42966739093238,
    52.9634363153213,
    36.31135825210226,
    31.358726103501375
  ],
  "length": 195.3135922274308,
  "average_length_per_coil": 39.06271844548616,
  "max_curvatures": [
    0.598218241024325,
    0.5981021145094408,
    0.586061359081481,
    0.5628123757091933,
    0.5212525207447634
  ],
  "max_max_curvature": 0.598218241024325,
  "coil_coil_distance": 1.0493161979177978,
  "cc_threshold": 1.0523335702966667,
  "cc_weight": 0.44832299422934807,
  "cs_threshold": 1.6512107137089347,
  "cs_weight": 0.018658160209733973,
  "arclength_weight": 8.164434418607837e-06,
  "gradient_norm": 0.00028286185160329366,
  "linking_number": 0,
  "directory": "ncoils_5_order_9_R1_7.0_length_target_3.9e+01_weight_0.011_max_curvature_0.3_weight_0.0003_msc_0.54_weight_6.7e-05_cc_1.1_weight_0.45_cs_1.7_weight_0.019_arclweight_8.2e-06_sign_B_external_normal-1.0",
  "mean_squared_curvatures": [
    0.09752246542639473,
    0.07423669818905769,
    0.057973941286565266,
    0.11217657805277363,
    0.09588921568672758
  ],
  "max_mean_squared_curvature": 0.11217657805277363,
  "message": "STOP: TOTAL NO. of ITERATIONS REACHED LIMIT",
  "success": false,
  "iterations": 400,
  "function_evaluations": 405,
  "coil_currents": [
    18270398.582142983,
    14394319.608060816,
    23508701.60472177,
    7114895.955665369,
    4463831.497187808
  ],
  "coil_surface_distance": 1.6481449282107279,
  "sign_B_external_normal": -1.0
}