{
  "nfp": 2,
  "R0": 11.13616556997915,
  "R1": 7.242970462818484,
  "ncoils": 5,
  "order": 10,
  "nphi": 32,
  "ntheta": 32,
  "length_target": 48.14949844704432,
  "length_weight": 0.1311021453937772,
  "max_curvature_threshold": 0.26480750106430395,
  "max_curvature_weight": 0.0025151087146557533,
  "msc_threshold": 1.6241137946287938,
  "msc_weight": 9.788101257128528e-07,
  "JF": 0.0007104891798241122,
  "Jf": 0.0006097371172711339,
  "BdotN": 0.005492101396966288,
  "lengths": [
    47.44239793186373,
    47.64302877171838,
    48.68567120093269,
    48.89200286980032,
    48.083729007308136
  ],
  "length": 240.74682978162326,
  "average_length_per_coil": 48.14936595632465,
  "max_curvatures": [
    0.27782900575118963,
    0.26897954222268483,
    0.30536666236306675,
    0.2964060167812761,
    0.3722173567349858
  ],
  "max_max_curvature": 0.3722173567349858,
  "coil_coil_distance": 1.9436975683367215,
  "cc_threshold": 1.9454632792603788,
  "cc_weight": 0.5816988658861724,
  "cs_threshold": 2.04670276746885,
  "cs_weight": 0.0035594865186149415,
  "arclength_weight": 0.00010892025431102507,
  "gradient_norm": 0.002837732103802774,
  "linking_number": 0,
  "directory": "ncoils_5_order_10_R1_7.2_length_target_4.8e+01_weight_0.13_max_curvature_0.26_weight_0.0025_msc_1.6_weight_9.8e-07_cc_1.9_weight_0.58_cs_2.0_weight_0.0036_arclweight_0.00011",
  "mean_squared_curvatures": [
    0.03599722354653443,
    0.03450978758933582,
    0.04444658771616052,
    0.042155918652222575,
    0.04686952612123078
  ],
  "max_mean_squared_curvature": 0.04686952612123078,
  "message": "STOP: TOTAL NO. of ITERATIONS REACHED LIMIT",
  "success": false,
  "iterations": 200,
  "function_evaluations": 215,
  "coil_currents": [
    17254214.55437646,
    14584132.818663092,
    18240576.32261382,
    15044239.54844573,
    16498010.993939795
  ],
  "coil_surface_distance": 2.862096698640091
}