{
  "nfp": 3,
  "R0": 11.13616556997915,
  "R1": 5.620157505656162,
  "ncoils": 4,
  "order": 15,
  "nphi": 32,
  "ntheta": 32,
  "length_target": 44.40292449296868,
  "length_weight": 0.013715317940892993,
  "max_curvature_threshold": 0.21364717572064115,
  "max_curvature_weight": 0.002036490918976286,
  "msc_threshold": 1.4377799094841113,
  "msc_weight": 1.0038362247003994e-06,
  "JF": 0.009906084394573484,
  "Jf": 0.007192139910276146,
  "BdotN": 0.013051723839328117,
  "lengths": [
    51.77673677984378,
    42.05653036886168,
    36.900294317492765,
    46.898162523770075
  ],
  "length": 177.63172398996832,
  "average_length_per_coil": 44.40793099749208,
  "max_curvatures": [
    0.36687213033141747,
    0.5739853136310967,
    0.6644550987102488,
    0.5955695265910721
  ],
  "max_max_curvature": 0.6644550987102488,
  "coil_coil_distance": 1.50914898340734,
  "cc_threshold": 1.5554815596737652,
  "cc_weight": 0.12491735320318816,
  "cs_threshold": 2.109669960976088,
  "cs_weight": 0.01691263811316757,
  "arclength_weight": 4.34612695794336e-09,
  "gradient_norm": 0.017607586120879485,
  "linking_number": 0,
  "directory": "ncoils_4_order_15_R1_5.6_length_target_4.4e+01_weight_0.014_max_curvature_0.21_weight_0.002_msc_1.4_weight_1e-06_cc_1.6_weight_0.12_cs_2.1_weight_0.017_arclweight_4.3e-09",
  "mean_squared_curvatures": [
    0.04438216876219059,
    0.07887570352998394,
    0.1049786436726148,
    0.08804522899199223
  ],
  "max_mean_squared_curvature": 0.1049786436726148,
  "message": "STOP: TOTAL NO. of ITERATIONS REACHED LIMIT",
  "success": false,
  "iterations": 300,
  "function_evaluations": 322,
  "coil_currents": [
    23102960.762088444,
    13079279.097795652,
    10182252.441554444,
    19474193.202249542
  ],
  "coil_surface_distance": 2.062557659585044
}