{
  "nfp": 2,
  "R0": 11.13616556997915,
  "R1": 6.637895951440955,
  "ncoils": 4,
  "order": 5,
  "nphi": 32,
  "ntheta": 32,
  "length_target": 47.41399809977145,
  "length_weight": 0.6896518645671861,
  "max_curvature_threshold": 0.3383358316514861,
  "max_curvature_weight": 7.814479936103311e-05,
  "msc_threshold": 1.437479641475866,
  "msc_weight": 9.398954444533713e-05,
  "JF": 0.0019676141650663065,
  "Jf": 0.001803173952651437,
  "BdotN": 0.008448710852416576,
  "lengths": [
    48.33759339764187,
    46.196348114497056,
    45.60100971909781,
    49.52167510864591
  ],
  "length": 189.65662633988262,
  "average_length_per_coil": 47.414156584970655,
  "max_curvatures": [
    0.2557450877841983,
    0.3280624475895585,
    0.3891020906854411,
    0.34840518057031034
  ],
  "max_max_curvature": 0.3891020906854411,
  "coil_coil_distance": 1.924308995043782,
  "cc_threshold": 1.923209931911902,
  "cc_weight": 0.5207977901838997,
  "cs_threshold": 1.9145151909350007,
  "cs_weight": 81.9318270301088,
  "arclength_weight": 3.509847565245664e-05,
  "gradient_norm": 0.004584860932055724,
  "linking_number": 0,
  "directory": "ncoils_4_order_5_R1_6.6_length_target_4.7e+01_weight_0.69_max_curvature_0.34_weight_7.8e-05_msc_1.4_weight_9.4e-05_cc_1.9_weight_0.52_cs_1.9_weight_8.2e+01_arclweight_3.5e-05",
  "mean_squared_curvatures": [
    0.02779329472973698,
    0.03478729796567039,
    0.04222847789133295,
    0.040765731898181196
  ],
  "max_mean_squared_curvature": 0.04222847789133295,
  "message": "STOP: TOTAL NO. of ITERATIONS REACHED LIMIT",
  "success": false,
  "iterations": 200,
  "function_evaluations": 219,
  "coil_currents": [
    21703797.310029622,
    20137299.59153054,
    19980938.536001615,
    25420380.657607056
  ],
  "coil_surface_distance": 2.8893908928245216
}