{
  "nfp": 2,
  "R0": 11.13616556997915,
  "R1": 7.34242070960344,
  "ncoils": 5,
  "order": 15,
  "nphi": 32,
  "ntheta": 32,
  "length_target": 47.0699597842696,
  "length_weight": 0.039457375090107494,
  "max_curvature_threshold": 0.22746160101718685,
  "max_curvature_weight": 0.0009836114299446271,
  "msc_threshold": 0.7196395027410469,
  "msc_weight": 0.00011564842103109874,
  "JF": 0.003431362291719963,
  "Jf": 0.0015410554457124825,
  "BdotN": 0.007442481677413359,
  "lengths": [
    46.023589058380495,
    43.68259603120764,
    48.55464928524796,
    48.15725179217923,
    48.95199500770883
  ],
  "length": 235.37008117472416,
  "average_length_per_coil": 47.074016234944835,
  "max_curvatures": [
    0.35730927887096103,
    0.4885444077719528,
    0.54297652358293,
    0.4467442679762951,
    0.634589015959399
  ],
  "max_max_curvature": 0.634589015959399,
  "coil_coil_distance": 1.9471069492766944,
  "cc_threshold": 1.9483136761047537,
  "cc_weight": 10.001803273168921,
  "cs_threshold": 3.133434160202518,
  "cs_weight": 0.0010103160317763591,
  "arclength_weight": 3.041938220178524e-05,
  "gradient_norm": 0.022087246416714935,
  "linking_number": 0,
  "directory": "ncoils_5_order_15_R1_7.3_length_target_4.7e+01_weight_0.039_max_curvature_0.23_weight_0.00098_msc_0.72_weight_0.00012_cc_1.9_weight_1e+01_cs_3.1_weight_0.001_arclweight_3e-05",
  "mean_squared_curvatures": [
    0.040356091590446244,
    0.04603164848651468,
    0.05992626893076535,
    0.0587324107523686,
    0.06754580307490231
  ],
  "max_mean_squared_curvature": 0.06754580307490231,
  "message": "STOP: TOTAL NO. of ITERATIONS REACHED LIMIT",
  "success": false,
  "iterations": 200,
  "function_evaluations": 254,
  "coil_currents": [
    19478315.424604032,
    12451317.227773152,
    19835105.723244492,
    18583857.395166013,
    16893820.324381128
  ],
  "coil_surface_distance": 3.0311777153469035
}