{
  "nfp": 3,
  "R0": 11.14,
  "R1": 7.293982689937945,
  "ncoils": 5,
  "order": 13,
  "nphi": 32,
  "ntheta": 32,
  "length_target": 40.90703232978954,
  "length_weight": 1.1179915313297253,
  "max_curvature_threshold": 0.22195752954737674,
  "max_curvature_weight": 0.00015345046570483195,
  "msc_threshold": 0.4129274585471854,
  "msc_weight": 0.0008585637893956684,
  "JF": 0.002080343367357719,
  "Jf": 0.0017057838253929061,
  "BdotN": 0.0069100006708492714,
  "lengths": [
    37.310297169212824,
    39.289176349873706,
    51.07197593534784,
    42.75705367736377,
    34.1105151164284
  ],
  "length": 204.53901824822657,
  "average_length_per_coil": 40.90780364964532,
  "max_curvatures": [
    0.5663483263986634,
    0.6326458565831988,
    0.6422252494806076,
    0.5527871376666068,
    0.6589469492915891
  ],
  "max_max_curvature": 0.6589469492915891,
  "coil_coil_distance": 1.094315620095384,
  "cc_threshold": 1.0956283440422636,
  "cc_weight": 4.330060524092716,
  "cs_threshold": 1.5070378332001777,
  "cs_weight": 0.005341554924479302,
  "arclength_weight": 0.0003156048149434539,
  "gradient_norm": 0.08145780086042358,
  "linking_number": 0,
  "directory": "ncoils_5_order_13_R1_7.3_length_target_4.1e+01_weight_1.1_max_curvature_0.22_weight_0.00015_msc_0.41_weight_0.00086_cc_1.1_weight_4.3_cs_1.5_weight_0.0053_arclweight_0.00032_sign_B_external_normal1.0",
  "mean_squared_curvatures": [
    0.08132927764022478,
    0.07846189655035206,
    0.06388424850034284,
    0.09107796867751598,
    0.12611343077627793
  ],
  "max_mean_squared_curvature": 0.12611343077627793,
  "message": "STOP: TOTAL NO. of ITERATIONS REACHED LIMIT",
  "success": false,
  "iterations": 400,
  "function_evaluations": 425,
  "coil_currents": [
    20826229.147100724,
    12053908.14758615,
    18648924.02689284,
    10727399.231423508,
    5495686.694775432
  ],
  "coil_surface_distance": 1.5326268477793368,
  "sign_B_external_normal": 1.0
}