{
  "nfp": 2,
  "R0": 11.14,
  "R1": 7.96359887447983,
  "ncoils": 6,
  "order": 6,
  "nphi": 32,
  "ntheta": 32,
  "length_target": 46.97836955997265,
  "length_weight": 0.026538910707448224,
  "max_curvature_threshold": 0.317903842191914,
  "max_curvature_weight": 1.0175663855351724e-05,
  "msc_threshold": 0.8691899143665792,
  "msc_weight": 2.7193477947562966e-06,
  "JF": 0.0018311447253811983,
  "Jf": 0.0015973816365588592,
  "BdotN": 0.008511653888182402,
  "lengths": [
    45.24739904143653,
    42.18358833620397,
    34.98331902622469,
    53.74058303988967,
    60.44843650781193,
    45.27020293631276
  ],
  "length": 281.8735288878795,
  "average_length_per_coil": 46.97892148131325,
  "max_curvatures": [
    0.4984256888971385,
    0.7340951370878677,
    0.7932516300486112,
    0.3942053947108389,
    0.5008145543915766,
    0.4705819433379193
  ],
  "max_max_curvature": 0.7932516300486112,
  "coil_coil_distance": 1.2321593092849776,
  "cc_threshold": 1.2789955564138578,
  "cc_weight": 0.022522015025242727,
  "cs_threshold": 1.8022328786593804,
  "cs_weight": 0.02082799083793674,
  "arclength_weight": 3.320961926044599e-06,
  "gradient_norm": 0.0014335770244714892,
  "linking_number": 0,
  "directory": "ncoils_6_order_6_R1_8.0_length_target_4.7e+01_weight_0.027_max_curvature_0.32_weight_1e-05_msc_0.87_weight_2.7e-06_cc_1.3_weight_0.023_cs_1.8_weight_0.021_arclweight_3.3e-06_sign_B_external_normal1.0",
  "mean_squared_curvatures": [
    0.06830041750074071,
    0.07819640706337364,
    0.08523287892483702,
    0.04416170390414773,
    0.039383836508073526,
    0.05585288858055663
  ],
  "max_mean_squared_curvature": 0.08523287892483702,
  "message": "STOP: TOTAL NO. of ITERATIONS REACHED LIMIT",
  "success": false,
  "iterations": 400,
  "function_evaluations": 433,
  "coil_currents": [
    27919943.7090056,
    20930504.11665069,
    5668930.822960048,
    16381598.387389144,
    25624482.14748704,
    8181488.699385479
  ],
  "coil_surface_distance": 1.7890563673551994,
  "sign_B_external_normal": 1.0
}