{
  "nfp": 3,
  "R0": 11.13616556997915,
  "R1": 5.84586879979675,
  "ncoils": 5,
  "order": 12,
  "nphi": 32,
  "ntheta": 32,
  "length_target": 42.75998193718437,
  "length_weight": 0.011192082217155477,
  "max_curvature_threshold": 0.22610310165324307,
  "max_curvature_weight": 0.0027738051689292116,
  "msc_threshold": 0.15620105876567222,
  "msc_weight": 0.00033132252433369316,
  "JF": 0.0007271100873419658,
  "Jf": 0.00045784241490997294,
  "BdotN": 0.0037457816059123313,
  "lengths": [
    57.74793988619105,
    40.50315434395533,
    39.512608199694625,
    34.21593687088465,
    41.82286460383874
  ],
  "length": 213.8025039045644,
  "average_length_per_coil": 42.76050078091288,
  "max_curvatures": [
    0.3120979915828934,
    0.2848239248866629,
    0.2670435843364279,
    0.34011818607636507,
    0.24917743079566707
  ],
  "max_max_curvature": 0.34011818607636507,
  "coil_coil_distance": 1.6990808241963133,
  "cc_threshold": 1.732462226092117,
  "cc_weight": 0.014188637263973508,
  "cs_threshold": 2.585820616143522,
  "cs_weight": 0.233035344417658,
  "arclength_weight": 0.0003959422794787539,
  "gradient_norm": 0.0006001179865204307,
  "linking_number": 0,
  "directory": "ncoils_5_order_12_R1_5.8_length_target_4.3e+01_weight_0.011_max_curvature_0.23_weight_0.0028_msc_0.16_weight_0.00033_cc_1.7_weight_0.014_cs_2.6_weight_0.23_arclweight_0.0004_sign_B_external_normal-1.0",
  "mean_squared_curvatures": [
    0.05485388366674957,
    0.04839925373789139,
    0.048774313562609126,
    0.06188066612940863,
    0.047720538244026584
  ],
  "max_mean_squared_curvature": 0.06188066612940863,
  "message": "STOP: TOTAL NO. of ITERATIONS REACHED LIMIT",
  "success": false,
  "iterations": 400,
  "function_evaluations": 418,
  "coil_currents": [
    25363984.028479215,
    12437730.56591211,
    2986600.7039424526,
    8820635.856369773,
    5003283.175583072
  ],
  "coil_surface_distance": 2.5829368643805592,
  "sign_B_external_normal": -1.0
}