{
  "nfp": 3,
  "R0": 11.13616556997915,
  "R1": 6.731566025049746,
  "ncoils": 5,
  "order": 11,
  "nphi": 32,
  "ntheta": 32,
  "length_target": 40.18739371700092,
  "length_weight": 0.050728273686901894,
  "max_curvature_threshold": 0.36116814434118255,
  "max_curvature_weight": 0.006598632380448601,
  "msc_threshold": 0.5154357697829817,
  "msc_weight": 2.499351350853886e-06,
  "JF": 0.006291102774071721,
  "Jf": 0.004951349369689859,
  "BdotN": 0.012118784482587176,
  "lengths": [
    48.56123546598796,
    38.01024858239325,
    39.526094471721244,
    37.30987674237898,
    37.534451380026674
  ],
  "length": 200.94190664250812,
  "average_length_per_coil": 40.18838132850162,
  "max_curvatures": [
    0.6295523154904545,
    0.4592276611474905,
    0.5156565571597883,
    0.44829586199715954,
    0.5158084844164976
  ],
  "max_max_curvature": 0.6295523154904545,
  "coil_coil_distance": 1.1721337332233277,
  "cc_threshold": 1.1822255451680888,
  "cc_weight": 4.80473828089599,
  "cs_threshold": 1.7652058467474758,
  "cs_weight": 0.11798633167523916,
  "arclength_weight": 0.0006525341876691466,
  "gradient_norm": 0.008483930841510296,
  "linking_number": 0,
  "directory": "ncoils_5_order_11_R1_6.7_length_target_4e+01_weight_0.051_max_curvature_0.36_weight_0.0066_msc_0.52_weight_2.5e-06_cc_1.2_weight_4.8_cs_1.8_weight_0.12_arclweight_0.00065",
  "mean_squared_curvatures": [
    0.07312786252079477,
    0.10318087755899873,
    0.09648615654875242,
    0.11283607382483818,
    0.11264686506195858
  ],
  "max_mean_squared_curvature": 0.11283607382483818,
  "message": "STOP: TOTAL NO. of ITERATIONS REACHED LIMIT",
  "success": false,
  "iterations": 300,
  "function_evaluations": 316,
  "coil_currents": [
    19350180.939277757,
    8583055.187553233,
    13670594.627446169,
    11459540.796675278,
    12775313.95273558
  ],
  "coil_surface_distance": 1.746206187536139
}