{
  "nfp": 2,
  "R0": 11.13616556997915,
  "R1": 7.322681050588765,
  "ncoils": 4,
  "order": 15,
  "nphi": 32,
  "ntheta": 32,
  "length_target": 45.63067801609219,
  "length_weight": 0.03117055270993657,
  "max_curvature_threshold": 0.2428347096258131,
  "max_curvature_weight": 0.00022895117650210988,
  "msc_threshold": 0.6690506986853026,
  "msc_weight": 0.0006543102315403041,
  "JF": 0.002224976652090062,
  "Jf": 0.002161240573186533,
  "BdotN": 0.009564200571517535,
  "lengths": [
    50.293677630265705,
    45.31473371112442,
    44.130172826989835,
    42.78962819010617
  ],
  "length": 182.52821235848614,
  "average_length_per_coil": 45.632053089621536,
  "max_curvatures": [
    0.3681719940146865,
    0.3926675006306741,
    0.45946526547588273,
    0.5507720117175872
  ],
  "max_max_curvature": 0.5507720117175872,
  "coil_coil_distance": 1.934463811954261,
  "cc_threshold": 1.9437712334812505,
  "cc_weight": 0.012913477173942893,
  "cs_threshold": 2.79259910065745,
  "cs_weight": 30.044455827562068,
  "arclength_weight": 8.81525130622191e-09,
  "gradient_norm": 0.0012001076725506085,
  "linking_number": 0,
  "directory": "ncoils_4_order_15_R1_7.3_length_target_4.6e+01_weight_0.031_max_curvature_0.24_weight_0.00023_msc_0.67_weight_0.00065_cc_1.9_weight_0.013_cs_2.8_weight_3e+01_arclweight_8.8e-09",
  "mean_squared_curvatures": [
    0.0343082580683908,
    0.04455579577935624,
    0.05093379496819416,
    0.06352408802509257
  ],
  "max_mean_squared_curvature": 0.06352408802509257,
  "message": "STOP: TOTAL NO. of ITERATIONS REACHED LIMIT",
  "success": false,
  "iterations": 200,
  "function_evaluations": 221,
  "coil_currents": [
    24778903.850804817,
    20077972.479175407,
    21811146.67669165,
    20574393.08849694
  ],
  "coil_surface_distance": 2.8532877026145824
}