{
  "nfp": 4,
  "R0": 11.14,
  "R1": 5.375291672027491,
  "ncoils": 5,
  "order": 15,
  "nphi": 32,
  "ntheta": 32,
  "length_target": 44.531247736589634,
  "length_weight": 0.07753911793258733,
  "max_curvature_threshold": 0.21852119362446487,
  "max_curvature_weight": 0.0023368437064887494,
  "msc_threshold": 1.4333783201788364,
  "msc_weight": 2.7756544053520274e-06,
  "JF": 0.0351686426252886,
  "Jf": 0.02357499722908915,
  "BdotN": 0.02869265610347426,
  "lengths": [
    38.25768540840945,
    37.921918806994405,
    51.4198845038681,
    52.664012522991875,
    42.40115608629238
  ],
  "length": 222.66465732855622,
  "average_length_per_coil": 44.53293146571124,
  "max_curvatures": [
    0.5668550979884536,
    0.6652501026751074,
    0.8262025108280939,
    0.8231355700494052,
    0.5378077073413633
  ],
  "max_max_curvature": 0.8262025108280939,
  "coil_coil_distance": 1.1143364901812112,
  "cc_threshold": 1.2494958981437627,
  "cc_weight": 0.12278597415635917,
  "cs_threshold": 1.0958633407755252,
  "cs_weight": 0.07799702719194702,
  "arclength_weight": 0.0005672663385504941,
  "gradient_norm": 0.02020963874846596,
  "linking_number": 0,
  "directory": "ncoils_5_order_15_R1_5.4_length_target_4.5e+01_weight_0.078_max_curvature_0.22_weight_0.0023_msc_1.4_weight_2.8e-06_cc_1.2_weight_0.12_cs_1.1_weight_0.078_arclweight_0.00057_sign_B_external_normal1.0",
  "mean_squared_curvatures": [
    0.09278340172116058,
    0.11729281990642139,
    0.11648507377058778,
    0.18613775628354828,
    0.09292412498110197
  ],
  "max_mean_squared_curvature": 0.18613775628354828,
  "message": "STOP: TOTAL NO. of ITERATIONS REACHED LIMIT",
  "success": false,
  "iterations": 400,
  "function_evaluations": 417,
  "coil_currents": [
    10116717.698703915,
    8894323.474679532,
    19701424.394969422,
    16692836.09235579,
    -4507387.076817431
  ],
  "coil_surface_distance": 1.0424180378516883,
  "sign_B_external_normal": 1.0
}