{
  "nfp": 1,
  "R0": 11.14,
  "R1": 6.030224593517824,
  "ncoils": 11,
  "order": 15,
  "nphi": 32,
  "ntheta": 32,
  "length_target": 49.65345860241783,
  "length_weight": 0.00508268716310034,
  "max_curvature_threshold": 0.28374107007293325,
  "max_curvature_weight": 0.00014508853538317822,
  "msc_threshold": 1.3695510517477227,
  "msc_weight": 3.793989509228097e-06,
  "JF": 0.003341392137623724,
  "Jf": 0.0030147121423577576,
  "BdotN": 0.010823331650560939,
  "lengths": [
    40.94828947641955,
    38.685282123878395,
    42.357096257649495,
    43.636140806394785,
    47.29791423261782,
    51.24250949715661,
    54.73863820306228,
    53.46632675085792,
    53.723482874236225,
    56.69554880173288,
    63.42662910721692
  ],
  "length": 546.2178581312229,
  "average_length_per_coil": 49.65616892102026,
  "max_curvatures": [
    0.6416818685712158,
    0.6320610325320434,
    0.5943268239983748,
    0.4417888731156682,
    0.4534616579706594,
    0.4584496751279077,
    0.3818455668896172,
    0.3818069553968952,
    0.5525310895984129,
    0.519819101089439,
    0.4140028228922995
  ],
  "max_max_curvature": 0.6416818685712158,
  "coil_coil_distance": 1.197022442430888,
  "cc_threshold": 1.0863175946862982,
  "cc_weight": 17.634806326664357,
  "cs_threshold": 0.7743565112338268,
  "cs_weight": 0.0010914969598127694,
  "arclength_weight": 4.574705112967233e-06,
  "gradient_norm": 0.0026753515066127585,
  "linking_number": 0,
  "directory": "ncoils_11_order_15_R1_6.0_length_target_5e+01_weight_0.0051_max_curvature_0.28_weight_0.00015_msc_1.4_weight_3.8e-06_cc_1.1_weight_1.8e+01_cs_0.77_weight_0.0011_arclweight_4.6e-06_sign_B_external_normal-1.0",
  "mean_squared_curvatures": [
    0.11834028868840606,
    0.12146237461735904,
    0.1011805914538907,
    0.05882727954491488,
    0.04930648465722144,
    0.0412589208873391,
    0.03602223647617496,
    0.047808609821867326,
    0.0524000495527093,
    0.04830997711787097,
    0.04446264592212093
  ],
  "max_mean_squared_curvature": 0.12146237461735904,
  "message": "STOP: TOTAL NO. of ITERATIONS REACHED LIMIT",
  "success": false,
  "iterations": 400,
  "function_evaluations": 484,
  "coil_currents": [
    22675737.253525414,
    15553860.370716868,
    19175703.748359162,
    18767254.301716115,
    19546523.264460504,
    19926381.717454296,
    18460739.084442686,
    14573748.272095133,
    14656163.461346103,
    16956543.404309984,
    24596827.819665045
  ],
  "coil_surface_distance": 2.0972523128693226,
  "sign_B_external_normal": -1.0
}