{
  "nfp": 4,
  "R0": 11.48064581700542,
  "R1": 6.121873856443584,
  "ncoils": 4,
  "order": 13,
  "nphi": 32,
  "ntheta": 32,
  "length_target": 39.4772603215789,
  "length_weight": 0.0028883358306211445,
  "max_curvature_threshold": 0.2604484962401855,
  "max_curvature_weight": 8.504359078291255e-05,
  "msc_threshold": 0.4877415975624735,
  "msc_weight": 3.4705324423430443e-06,
  "JF": 0.02963272465663559,
  "Jf": 0.027205000422217667,
  "BdotN": 0.030718853524809266,
  "lengths": [
    42.7021248827583,
    41.62136482663001,
    37.983544965809145,
    36.00419161872473
  ],
  "length": 158.31122629392218,
  "average_length_per_coil": 39.577806573480544,
  "max_curvatures": [
    0.6689098743640786,
    0.9435983256686327,
    0.8762772070987432,
    1.0286108450931692
  ],
  "max_max_curvature": 1.0286108450931692,
  "coil_coil_distance": 1.0717076435178432,
  "cc_threshold": 1.0865880105948724,
  "cc_weight": 4.285679498013524,
  "cs_threshold": 0.9509877291505474,
  "cs_weight": 0.008698525805743693,
  "arclength_weight": 0.0013762644678176775,
  "gradient_norm": 0.03478803427529707,
  "linking_number": 0,
  "directory": "ncoils_4_order_13_R1_6.1_length_target_3.9e+01_weight_0.0029_max_curvature_0.26_weight_8.5e-05_msc_0.49_weight_3.5e-06_cc_1.1_weight_4.3_cs_0.95_weight_0.0087_arclweight_0.0014",
  "mean_squared_curvatures": [
    0.12616493196451792,
    0.22360467753401,
    0.22191312695404028,
    0.3127136029473453
  ],
  "max_mean_squared_curvature": 0.3127136029473453,
  "message": "STOP: TOTAL NO. of ITERATIONS REACHED LIMIT",
  "success": false,
  "iterations": 300,
  "function_evaluations": 317,
  "coil_currents": [
    15291074.495137567,
    15033443.085857887,
    10894753.638993135,
    12175669.635676242
  ],
  "coil_surface_distance": 1.0684242528360632
}