{
  "nfp": 4,
  "R0": 11.14,
  "R1": 4.861216151985147,
  "ncoils": 5,
  "order": 7,
  "nphi": 32,
  "ntheta": 32,
  "length_target": 39.07019189681896,
  "length_weight": 0.0637103242068646,
  "max_curvature_threshold": 0.279892497459788,
  "max_curvature_weight": 0.0020291168734507268,
  "msc_threshold": 0.8275532175835233,
  "msc_weight": 4.997642360812132e-07,
  "JF": 0.03385687845915213,
  "Jf": 0.02865650060503221,
  "BdotN": 0.04270352120811049,
  "lengths": [
    38.310925971658726,
    35.65195792446,
    45.843703101277484,
    36.19280795434879,
    39.36485547832347
  ],
  "length": 195.36425043006847,
  "average_length_per_coil": 39.072850086013695,
  "max_curvatures": [
    0.617399333298731,
    0.542231895891882,
    0.5053069522891523,
    0.658737647767502,
    0.46475308960851525
  ],
  "max_max_curvature": 0.658737647767502,
  "coil_coil_distance": 0.9551446064825199,
  "cc_threshold": 1.0289224868877709,
  "cc_weight": 0.3000547707957385,
  "cs_threshold": 0.9528426281273855,
  "cs_weight": 0.3940145602249632,
  "arclength_weight": 0.005813024528892057,
  "gradient_norm": 0.011859330121520392,
  "linking_number": 0,
  "directory": "ncoils_5_order_7_R1_4.9_length_target_3.9e+01_weight_0.064_max_curvature_0.28_weight_0.002_msc_0.83_weight_5e-07_cc_1.0_weight_0.3_cs_0.95_weight_0.39_arclweight_0.0058_sign_B_external_normal1.0",
  "mean_squared_curvatures": [
    0.1426394208126593,
    0.10059824060987145,
    0.07653426424073463,
    0.1344608030433653,
    0.06004392152445309
  ],
  "max_mean_squared_curvature": 0.1426394208126593,
  "message": "STOP: TOTAL NO. of ITERATIONS REACHED LIMIT",
  "success": false,
  "iterations": 400,
  "function_evaluations": 417,
  "coil_currents": [
    22650659.737132516,
    10042460.00807781,
    15073152.081727752,
    4226298.149889501,
    -1094655.392936401
  ],
  "coil_surface_distance": 0.9446631853372724,
  "sign_B_external_normal": 1.0
}