{
  "nfp": 3,
  "R0": 11.14,
  "R1": 6.350302823181985,
  "ncoils": 5,
  "order": 9,
  "nphi": 32,
  "ntheta": 32,
  "length_target": 42.62337915259077,
  "length_weight": 0.017709253377736742,
  "max_curvature_threshold": 0.22873393153295551,
  "max_curvature_weight": 0.0007871507259639091,
  "msc_threshold": 0.8044465162543051,
  "msc_weight": 0.000116109061219356,
  "JF": 0.003225624856798998,
  "Jf": 0.0020941832533160304,
  "BdotN": 0.009370515119312877,
  "lengths": [
    40.45901720040447,
    30.204015737362408,
    69.18526162747597,
    36.11295244610538,
    37.16272967700408
  ],
  "length": 213.12397668835231,
  "average_length_per_coil": 42.62479533767046,
  "max_curvatures": [
    0.5627998951048516,
    0.6329913658448794,
    0.5320895609262678,
    0.5051239959721364,
    0.4512392288385427
  ],
  "max_max_curvature": 0.6329913658448794,
  "coil_coil_distance": 1.7595146988303811,
  "cc_threshold": 1.8010723493998435,
  "cc_weight": 0.027825490740360764,
  "cs_threshold": 1.6543219238466562,
  "cs_weight": 0.0019895273532358547,
  "arclength_weight": 1.4670227376810838e-06,
  "gradient_norm": 0.0028067962282778435,
  "linking_number": 0,
  "directory": "ncoils_5_order_9_R1_6.4_length_target_4.3e+01_weight_0.018_max_curvature_0.23_weight_0.00079_msc_0.8_weight_0.00012_cc_1.8_weight_0.028_cs_1.7_weight_0.002_arclweight_1.5e-06_sign_B_external_normal-1.0",
  "mean_squared_curvatures": [
    0.08277048921454286,
    0.09744939304403229,
    0.04978912352718333,
    0.10114815040055983,
    0.07466375870863487
  ],
  "max_mean_squared_curvature": 0.10114815040055983,
  "message": "STOP: TOTAL NO. of ITERATIONS REACHED LIMIT",
  "success": false,
  "iterations": 400,
  "function_evaluations": 408,
  "coil_currents": [
    22623927.228344224,
    3318166.5592712616,
    33685394.16178502,
    2875209.781604839,
    5249449.516773291
  ],
  "coil_surface_distance": 1.59527507965303,
  "sign_B_external_normal": -1.0
}