{
  "nfp": 2,
  "R0": 11.13616556997915,
  "R1": 7.58240269939752,
  "ncoils": 4,
  "order": 5,
  "nphi": 32,
  "ntheta": 32,
  "length_target": 46.04134998286304,
  "length_weight": 5.805164680131272,
  "max_curvature_threshold": 0.34982233527413176,
  "max_curvature_weight": 0.0004169967157539914,
  "msc_threshold": 1.4092846985197147,
  "msc_weight": 1.1379485226039477e-05,
  "JF": 0.004168715927636156,
  "Jf": 0.0033351185396688593,
  "BdotN": 0.010492198424507304,
  "lengths": [
    46.83016769324174,
    43.751363641072146,
    44.08523075447287,
    49.50030986573273
  ],
  "length": 184.16707195451949,
  "average_length_per_coil": 46.04176798862987,
  "max_curvatures": [
    0.28247895484117114,
    0.346208090681853,
    0.4088041930096924,
    0.524302131981162
  ],
  "max_max_curvature": 0.524302131981162,
  "coil_coil_distance": 2.02162874187154,
  "cc_threshold": 1.240989590960427,
  "cc_weight": 0.7953772464212473,
  "cs_threshold": 2.5243686165495873,
  "cs_weight": 0.6691217780198464,
  "arclength_weight": 2.0124938816676535e-05,
  "gradient_norm": 0.11423108364697816,
  "linking_number": 0,
  "directory": "ncoils_4_order_5_R1_7.6_length_target_4.6e+01_weight_5.8_max_curvature_0.35_weight_0.00042_msc_1.4_weight_1.1e-05_cc_1.2_weight_0.8_cs_2.5_weight_0.67_arclweight_2e-05",
  "mean_squared_curvatures": [
    0.028651670737663556,
    0.03639700646445479,
    0.04192437454315032,
    0.04133399003279391
  ],
  "max_mean_squared_curvature": 0.04192437454315032,
  "message": "STOP: TOTAL NO. of ITERATIONS REACHED LIMIT",
  "success": false,
  "iterations": 200,
  "function_evaluations": 224,
  "coil_currents": [
    22154603.733966477,
    18671922.87132638,
    18984006.42392415,
    27431883.06595181
  ],
  "coil_surface_distance": 2.861999927333902
}