{
  "nfp": 2,
  "R0": 11.14,
  "R1": 5.450626938637164,
  "ncoils": 5,
  "order": 12,
  "nphi": 32,
  "ntheta": 32,
  "length_target": 51.22886708367453,
  "length_weight": 0.004974741734727088,
  "max_curvature_threshold": 0.3450020266455759,
  "max_curvature_weight": 0.0012907182227442078,
  "msc_threshold": 0.9907139820919192,
  "msc_weight": 0.0004120285516272856,
  "JF": 0.0015503926730221036,
  "Jf": 0.0014729312625036484,
  "BdotN": 0.007305372607351094,
  "lengths": [
    44.88856847064008,
    51.328106898718985,
    44.49640225613736,
    62.00160764433023,
    53.44430433111479
  ],
  "length": 256.1589896009414,
  "average_length_per_coil": 51.231797920188285,
  "max_curvatures": [
    0.3870326779681355,
    0.37270926219881456,
    0.45147557122737364,
    0.47190128204996407,
    0.38171466639008567
  ],
  "max_max_curvature": 0.47190128204996407,
  "coil_coil_distance": 1.0244395247173246,
  "cc_threshold": 1.0834557371616078,
  "cc_weight": 0.017003777059445932,
  "cs_threshold": 1.7325881434435733,
  "cs_weight": 0.24867218520424111,
  "arclength_weight": 3.466558046646522e-05,
  "gradient_norm": 0.0006011576001337933,
  "linking_number": 0,
  "directory": "ncoils_5_order_12_R1_5.5_length_target_5.1e+01_weight_0.005_max_curvature_0.35_weight_0.0013_msc_0.99_weight_0.00041_cc_1.1_weight_0.017_cs_1.7_weight_0.25_arclweight_3.5e-05_sign_B_external_normal1.0",
  "mean_squared_curvatures": [
    0.07161352375320193,
    0.05936708563057285,
    0.07440656913593072,
    0.05511145365377663,
    0.05454226255196057
  ],
  "max_mean_squared_curvature": 0.07440656913593072,
  "message": "STOP: TOTAL NO. of ITERATIONS REACHED LIMIT",
  "success": false,
  "iterations": 400,
  "function_evaluations": 429,
  "coil_currents": [
    25106156.575952373,
    32259734.326860882,
    8294098.398559371,
    25204179.908223346,
    13842778.673281953
  ],
  "coil_surface_distance": 1.8176847709720558,
  "sign_B_external_normal": 1.0
}