{
  "nfp": 2,
  "R0": 11.13616556997915,
  "R1": 7.918451895563509,
  "ncoils": 5,
  "order": 6,
  "nphi": 32,
  "ntheta": 32,
  "length_target": 48.42405272180654,
  "length_weight": 0.005823507837296616,
  "max_curvature_threshold": 0.22940052999514737,
  "max_curvature_weight": 0.006224513546602685,
  "msc_threshold": 0.496555311551781,
  "msc_weight": 1.1065861111424017e-06,
  "JF": 0.0009895917574764047,
  "Jf": 0.000713158712078428,
  "BdotN": 0.006633482191227969,
  "lengths": [
    46.74365310950871,
    49.00840357673514,
    50.01551865055934,
    49.49748992863145,
    46.86522714015483
  ],
  "length": 242.1302924055895,
  "average_length_per_coil": 48.4260584811179,
  "max_curvatures": [
    0.24952516497618824,
    0.24548684938812426,
    0.2663912776983008,
    0.27886332019013943,
    0.3389994814537001
  ],
  "max_max_curvature": 0.3389994814537001,
  "coil_coil_distance": 1.8776438421040111,
  "cc_threshold": 1.8777075468125297,
  "cc_weight": 3.6855719825420823,
  "cs_threshold": 2.711020024092793,
  "cs_weight": 57.05219163771437,
  "arclength_weight": 2.117310542465694e-07,
  "gradient_norm": 0.003214898458072938,
  "linking_number": 0,
  "directory": "ncoils_5_order_6_R1_7.9_length_target_4.8e+01_weight_0.0058_max_curvature_0.23_weight_0.0062_msc_0.5_weight_1.1e-06_cc_1.9_weight_3.7_cs_2.7_weight_5.7e+01_arclweight_2.1e-07",
  "mean_squared_curvatures": [
    0.033380135220881464,
    0.038652578877993275,
    0.04355479530723537,
    0.04197766648429414,
    0.04827961638388179
  ],
  "max_mean_squared_curvature": 0.04827961638388179,
  "message": "STOP: TOTAL NO. of ITERATIONS REACHED LIMIT",
  "success": false,
  "iterations": 200,
  "function_evaluations": 315,
  "coil_currents": [
    16592803.03483938,
    14368730.395153187,
    18961803.50865161,
    16903734.75202993,
    14794102.547364786
  ],
  "coil_surface_distance": 2.79994327689826
}