{
  "nfp": 4,
  "R0": 11.48064581700542,
  "R1": 8.863172834178648,
  "ncoils": 4,
  "order": 6,
  "nphi": 32,
  "ntheta": 32,
  "length_target": 42.86207078901695,
  "length_weight": 0.06788980059116419,
  "max_curvature_threshold": 0.21425001432886465,
  "max_curvature_weight": 2.0286735284519703e-06,
  "msc_threshold": 1.925957928381793,
  "msc_weight": 3.50601064016541e-07,
  "JF": 0.037054332691427,
  "Jf": 0.02765250760466059,
  "BdotN": 0.025014780615609924,
  "lengths": [
    40.66096418673607,
    50.01713456819931,
    43.06801982760426,
    37.721056270021954
  ],
  "length": 171.46717485256158,
  "average_length_per_coil": 42.866793713140396,
  "max_curvatures": [
    0.4678392739555144,
    0.4592209935362331,
    0.5375923029669697,
    0.6010292236506648
  ],
  "max_max_curvature": 0.6010292236506648,
  "coil_coil_distance": 0.8350771324759357,
  "cc_threshold": 0.8357064708762423,
  "cc_weight": 36.51082555286938,
  "cs_threshold": 1.4349224378783032,
  "cs_weight": 0.011846749984837887,
  "arclength_weight": 0.0024474921958009713,
  "gradient_norm": 0.0566429086997795,
  "linking_number": 0,
  "directory": "ncoils_4_order_6_R1_8.9_length_target_4.3e+01_weight_0.068_max_curvature_0.21_weight_2e-06_msc_1.9_weight_3.5e-07_cc_0.84_weight_3.7e+01_cs_1.4_weight_0.012_arclweight_0.0024",
  "mean_squared_curvatures": [
    0.07913817614405994,
    0.07292172824281352,
    0.11220535215760084,
    0.12572676953002698
  ],
  "max_mean_squared_curvature": 0.12572676953002698,
  "message": "STOP: TOTAL NO. of ITERATIONS REACHED LIMIT",
  "success": false,
  "iterations": 300,
  "function_evaluations": 366,
  "coil_currents": [
    7384800.698833049,
    19793764.00009773,
    14046140.076073015,
    12170236.080660999
  ],
  "coil_surface_distance": 1.3064946002594597
}