{
  "nfp": 3,
  "R0": 11.13616556997915,
  "R1": 5.009898472518547,
  "ncoils": 5,
  "order": 14,
  "nphi": 32,
  "ntheta": 32,
  "length_target": 43.92109097701188,
  "length_weight": 0.019075431689955503,
  "max_curvature_threshold": 0.2837507434225707,
  "max_curvature_weight": 0.0010495603761277042,
  "msc_threshold": 0.9777221838878697,
  "msc_weight": 1.1058861680158861e-05,
  "JF": 0.0012800180001246908,
  "Jf": 0.0006858462747586401,
  "BdotN": 0.006287117783038563,
  "lengths": [
    66.92802576848844,
    41.723605086761836,
    38.21976591158986,
    35.68429307469072,
    37.05760459440031
  ],
  "length": 219.61329443593115,
  "average_length_per_coil": 43.92265888718623,
  "max_curvatures": [
    0.4719120547912175,
    0.41934413925384006,
    0.5010082807109401,
    0.5932447934316845,
    0.5616660105422724
  ],
  "max_max_curvature": 0.5932447934316845,
  "coil_coil_distance": 0.6275638201780508,
  "cc_threshold": 0.6269869699065407,
  "cc_weight": 5.3921093034990255,
  "cs_threshold": 1.8046267862283185,
  "cs_weight": 7.640199770621686,
  "arclength_weight": 2.1129660341769045e-08,
  "gradient_norm": 0.0029117169892789656,
  "linking_number": 0,
  "directory": "ncoils_5_order_14_R1_5.0_length_target_4.4e+01_weight_0.019_max_curvature_0.28_weight_0.001_msc_0.98_weight_1.1e-05_cc_0.63_weight_5.4_cs_1.8_weight_7.6_arclweight_2.1e-08_sign_B_external_normal1.0",
  "mean_squared_curvatures": [
    0.069192072687348,
    0.07243946169337385,
    0.08706505703246917,
    0.10272625270796847,
    0.10868904674623776
  ],
  "max_mean_squared_curvature": 0.10868904674623776,
  "message": "STOP: TOTAL NO. of ITERATIONS REACHED LIMIT",
  "success": false,
  "iterations": 400,
  "function_evaluations": 430,
  "coil_currents": [
    20069049.373509973,
    11969847.020525785,
    12082279.74350938,
    10082061.407331025,
    11324985.665899545
  ],
  "coil_surface_distance": 1.862059186855561,
  "sign_B_external_normal": 1.0
}