{
  "nfp": 3,
  "R0": 11.13616556997915,
  "R1": 7.440065913836963,
  "ncoils": 3,
  "order": 15,
  "nphi": 32,
  "ntheta": 32,
  "length_target": 44.14098346800951,
  "length_weight": 1.2585335260741566,
  "max_curvature_threshold": 0.26504549910912517,
  "max_curvature_weight": 1.1717602768686525e-06,
  "msc_threshold": 0.2965258278928603,
  "msc_weight": 0.00048096518884892383,
  "JF": 0.004363912982064253,
  "Jf": 0.0037701112291842957,
  "BdotN": 0.011834691656543805,
  "lengths": [
    54.62175708681097,
    39.40750467296522,
    38.39573233714261
  ],
  "length": 132.4249940969188,
  "average_length_per_coil": 44.14166469897293,
  "max_curvatures": [
    0.6194965311810441,
    0.5250045983842819,
    0.46419249064759677
  ],
  "max_max_curvature": 0.6194965311810441,
  "coil_coil_distance": 1.5989531260286391,
  "cc_threshold": 1.6195772524136303,
  "cc_weight": 0.14236668079579842,
  "cs_threshold": 2.4459330679976286,
  "cs_weight": 0.002691975469233993,
  "arclength_weight": 0.00298626026701976,
  "gradient_norm": 0.038175700681298816,
  "linking_number": 0,
  "directory": "ncoils_3_order_15_R1_7.4_length_target_4.4e+01_weight_1.3_max_curvature_0.27_weight_1.2e-06_msc_0.3_weight_0.00048_cc_1.6_weight_0.14_cs_2.4_weight_0.0027_arclweight_0.003",
  "mean_squared_curvatures": [
    0.0757692103524432,
    0.0749858576294717,
    0.04815290664135797
  ],
  "max_mean_squared_curvature": 0.0757692103524432,
  "message": "STOP: TOTAL NO. of ITERATIONS REACHED LIMIT",
  "success": false,
  "iterations": 200,
  "function_evaluations": 209,
  "coil_currents": [
    26549516.82495257,
    13687845.03708513,
    13144899.868017986
  ],
  "coil_surface_distance": 2.284826112635895
}