{
  "nfp": 2,
  "R0": 11.14,
  "R1": 8.450546586430294,
  "ncoils": 6,
  "order": 12,
  "nphi": 32,
  "ntheta": 32,
  "length_target": 50.957059134995475,
  "length_weight": 0.007088783811663785,
  "max_curvature_threshold": 0.23501467572679796,
  "max_curvature_weight": 0.0027037002152923385,
  "msc_threshold": 1.3144854151640668,
  "msc_weight": 0.0005155954053793247,
  "JF": 0.0021991835930279444,
  "Jf": 0.001604871736992228,
  "BdotN": 0.010182161497681386,
  "lengths": [
    45.69386965557326,
    42.85736249834477,
    47.24998010590508,
    55.15878980206175,
    59.68538498581456,
    55.10314376985816
  ],
  "length": 305.74853081755754,
  "average_length_per_coil": 50.95808846959292,
  "max_curvatures": [
    0.2999143060453918,
    0.34382502740761134,
    0.3565647547058217,
    0.3620326072361282,
    0.34998109058347454,
    0.319368833018154
  ],
  "max_max_curvature": 0.3620326072361282,
  "coil_coil_distance": 1.2920048762110201,
  "cc_threshold": 1.3159056014867392,
  "cc_weight": 0.15159504770741833,
  "cs_threshold": 1.2395998533842074,
  "cs_weight": 0.010674871380909876,
  "arclength_weight": 0.00048002430296598754,
  "gradient_norm": 0.0017026200532224251,
  "linking_number": 0,
  "directory": "ncoils_6_order_12_R1_8.5_length_target_5.1e+01_weight_0.0071_max_curvature_0.24_weight_0.0027_msc_1.3_weight_0.00052_cc_1.3_weight_0.15_cs_1.2_weight_0.011_arclweight_0.00048_sign_B_external_normal1.0",
  "mean_squared_curvatures": [
    0.05737189393803621,
    0.06287009035217576,
    0.05083901087340834,
    0.05362896685285971,
    0.04340852498668867,
    0.056275128833902927
  ],
  "max_mean_squared_curvature": 0.06287009035217576,
  "message": "STOP: TOTAL NO. of ITERATIONS REACHED LIMIT",
  "success": false,
  "iterations": 400,
  "function_evaluations": 412,
  "coil_currents": [
    25325043.79786111,
    16847006.347420573,
    18646881.556340445,
    11445460.219668522,
    22600494.15255043,
    9842061.809036896
  ],
  "coil_surface_distance": 1.8213495267173467,
  "sign_B_external_normal": 1.0
}