{
  "nfp": 2,
  "R0": 11.13616556997915,
  "R1": 5.744899095031357,
  "ncoils": 4,
  "order": 8,
  "nphi": 32,
  "ntheta": 32,
  "length_target": 50.46798564105448,
  "length_weight": 0.0010455850603790157,
  "max_curvature_threshold": 0.2801843342838394,
  "max_curvature_weight": 1.8006032859450875e-05,
  "msc_threshold": 1.388778245242685,
  "msc_weight": 2.566084818961143e-07,
  "JF": 0.0006994752006279416,
  "Jf": 0.0006624450550989841,
  "BdotN": 0.003844130259599853,
  "lengths": [
    47.363345738897564,
    51.489236784184456,
    50.81487857551872,
    52.23934933962798
  ],
  "length": 201.90681043822872,
  "average_length_per_coil": 50.47670260955718,
  "max_curvatures": [
    0.2711959972724068,
    0.29990834309655123,
    0.3104889302854963,
    0.3982286817938358
  ],
  "max_max_curvature": 0.3982286817938358,
  "coil_coil_distance": 2.0345140998232827,
  "cc_threshold": 2.0437744848549952,
  "cc_weight": 0.045540629036706734,
  "cs_threshold": 2.208955776588714,
  "cs_weight": 0.3989935003279796,
  "arclength_weight": 0.003906014823011566,
  "gradient_norm": 0.0030079528389100212,
  "linking_number": 0,
  "directory": "ncoils_4_order_8_R1_5.7_length_target_5e+01_weight_0.001_max_curvature_0.28_weight_1.8e-05_msc_1.4_weight_2.6e-07_cc_2.0_weight_0.046_cs_2.2_weight_0.4_arclweight_0.0039",
  "mean_squared_curvatures": [
    0.032324314668372316,
    0.04224847015420844,
    0.04422429838337133,
    0.049417353600174574
  ],
  "max_mean_squared_curvature": 0.049417353600174574,
  "message": "STOP: TOTAL NO. of ITERATIONS REACHED LIMIT",
  "success": false,
  "iterations": 200,
  "function_evaluations": 204,
  "coil_currents": [
    18940721.251353204,
    22705645.19657004,
    19320836.174755603,
    20653971.615360066
  ],
  "coil_surface_distance": 2.7520215681886895
}