{
  "nfp": 3,
  "R0": 11.13616556997915,
  "R1": 5.926137051071346,
  "ncoils": 4,
  "order": 13,
  "nphi": 32,
  "ntheta": 32,
  "length_target": 43.12722515800386,
  "length_weight": 1.9643213829099646,
  "max_curvature_threshold": 0.23402392563600746,
  "max_curvature_weight": 0.004339141686433133,
  "msc_threshold": 1.5662432469377903,
  "msc_weight": 1.6341668877414768e-05,
  "JF": 0.0012177245071437245,
  "Jf": 0.0008440547310113194,
  "BdotN": 0.0052712850384372,
  "lengths": [
    47.76107493806909,
    40.433523968010064,
    44.94663642962468,
    39.367660852606626
  ],
  "length": 172.50889618831047,
  "average_length_per_coil": 43.12722404707762,
  "max_curvatures": [
    0.33943276651763843,
    0.3259209423989458,
    0.2942621121011411,
    0.3038526699473742
  ],
  "max_max_curvature": 0.33943276651763843,
  "coil_coil_distance": 1.7082201677526248,
  "cc_threshold": 1.7312499950540672,
  "cc_weight": 0.07535913283919354,
  "cs_threshold": 2.6405771940110156,
  "cs_weight": 0.5317373259068741,
  "arclength_weight": 1.1938160570760079e-09,
  "gradient_norm": 0.001943682785439445,
  "linking_number": 0,
  "directory": "ncoils_4_order_13_R1_5.9_length_target_4.3e+01_weight_2.0_max_curvature_0.23_weight_0.0043_msc_1.6_weight_1.6e-05_cc_1.7_weight_0.075_cs_2.6_weight_0.53_arclweight_1.2e-09_sign_B_external_normal-1.0",
  "mean_squared_curvatures": [
    0.05331129573944003,
    0.052603922930547775,
    0.05186429951167463,
    0.05594817691089942
  ],
  "max_mean_squared_curvature": 0.05594817691089942,
  "message": "STOP: TOTAL NO. of ITERATIONS REACHED LIMIT",
  "success": false,
  "iterations": 400,
  "function_evaluations": 436,
  "coil_currents": [
    22301824.346640684,
    12369436.899731876,
    15649304.7872726,
    4291668.296641454
  ],
  "coil_surface_distance": 2.63782093275915,
  "sign_B_external_normal": -1.0
}