{
  "nfp": 2,
  "R0": 11.13616556997915,
  "R1": 8.431573871392779,
  "ncoils": 5,
  "order": 5,
  "nphi": 32,
  "ntheta": 32,
  "length_target": 51.01979330033099,
  "length_weight": 0.04394892446353233,
  "max_curvature_threshold": 0.2202350072176343,
  "max_curvature_weight": 0.0031326908782108834,
  "msc_threshold": 0.690158389660764,
  "msc_weight": 1.4035364039690352e-07,
  "JF": 0.0008548194096795165,
  "Jf": 0.0006659722416291079,
  "BdotN": 0.006439976513831582,
  "lengths": [
    48.411033372759306,
    50.47415259979363,
    52.91704547641214,
    51.31415848272109,
    51.9818432047957
  ],
  "length": 255.09823313648187,
  "average_length_per_coil": 51.019646627296375,
  "max_curvatures": [
    0.2482376463843364,
    0.2455898738488387,
    0.28188763988767707,
    0.2663705013826379,
    0.35167309033496125
  ],
  "max_max_curvature": 0.35167309033496125,
  "coil_coil_distance": 2.114055293637059,
  "cc_threshold": 2.123044709474594,
  "cc_weight": 0.05320616840505185,
  "cs_threshold": 0.6616419016868325,
  "cs_weight": 0.016066307015976115,
  "arclength_weight": 5.2555985162623314e-08,
  "gradient_norm": 0.0010816004777816272,
  "linking_number": 0,
  "directory": "ncoils_5_order_5_R1_8.4_length_target_5.1e+01_weight_0.044_max_curvature_0.22_weight_0.0031_msc_0.69_weight_1.4e-07_cc_2.1_weight_0.053_cs_0.66_weight_0.016_arclweight_5.3e-08",
  "mean_squared_curvatures": [
    0.030764724199864053,
    0.03217154280742344,
    0.038655358935696785,
    0.03658966786274507,
    0.03901419958441741
  ],
  "max_mean_squared_curvature": 0.03901419958441741,
  "message": "STOP: TOTAL NO. of ITERATIONS REACHED LIMIT",
  "success": false,
  "iterations": 200,
  "function_evaluations": 218,
  "coil_currents": [
    17860137.536331978,
    12876251.73116032,
    22016504.739961654,
    9017931.275981948,
    19850348.954603
  ],
  "coil_surface_distance": 2.970583607943187
}