{
  "nfp": 2,
  "R0": 11.13616556997915,
  "R1": 7.195830661132974,
  "ncoils": 4,
  "order": 10,
  "nphi": 32,
  "ntheta": 32,
  "length_target": 45.1421779861406,
  "length_weight": 0.02831125057853158,
  "max_curvature_threshold": 0.171740463064179,
  "max_curvature_weight": 7.78554981842218e-06,
  "msc_threshold": 1.0822420657198377,
  "msc_weight": 1.4954590924254295e-05,
  "JF": 0.002554594793466442,
  "Jf": 0.0025358772185832016,
  "BdotN": 0.009770633857511302,
  "lengths": [
    47.13035694639702,
    46.786580542570846,
    44.790943259166625,
    41.87044995869882
  ],
  "length": 180.57833070683333,
  "average_length_per_coil": 45.14458267670833,
  "max_curvatures": [
    0.31745736558077814,
    0.4071442462395232,
    0.48602467518532183,
    0.5557633775109774
  ],
  "max_max_curvature": 0.5557633775109774,
  "coil_coil_distance": 2.018934071207355,
  "cc_threshold": 2.0359079280701184,
  "cc_weight": 0.01883745100951466,
  "cs_threshold": 1.452573149741479,
  "cs_weight": 15.134953507008523,
  "arclength_weight": 5.482024025038211e-05,
  "gradient_norm": 0.001797904766723773,
  "linking_number": 0,
  "directory": "ncoils_4_order_10_R1_7.2_length_target_4.5e+01_weight_0.028_max_curvature_0.17_weight_7.8e-06_msc_1.1_weight_1.5e-05_cc_2.0_weight_0.019_cs_1.5_weight_1.5e+01_arclweight_5.5e-05",
  "mean_squared_curvatures": [
    0.03396078751028536,
    0.041133513806403836,
    0.051879403300023594,
    0.06556840040289263
  ],
  "max_mean_squared_curvature": 0.06556840040289263,
  "message": "STOP: TOTAL NO. of ITERATIONS REACHED LIMIT",
  "success": false,
  "iterations": 200,
  "function_evaluations": 205,
  "coil_currents": [
    21502339.53019378,
    22908173.46541479,
    23226101.61186991,
    19605801.48769039
  ],
  "coil_surface_distance": 2.8317435236076993
}